Customer_ID,Customer_Name,Customer_Type,Property_Address,City,State,Zip_Code,Primary_Contact,Contact_Phone,Contact_Email,Lead_Source,Service_Interest,Property_Size_Acres,Estimated_Contract_Value,Stage,Last_Contact_Date,Next_Follow_Up,Assigned_Rep,Region,Notes,Drop_Reason,Estimated_Contract_Value_Num,Heat_Score,Needs_Follow_Up,Summary
C0001,Summit Community Association,HOA,9315 Cedar Way,Dayton,OH,43765.0,Grace Dalton,918-758-7873,david.miller@outdoorhq.com,Door Knock,Maintenance,2.87,"$44,328",Lead,2025-09-21,2025-09-24,Marcus Tillman,Midwest,Asked for irrigation tune-up and quote on seasonal color.,,44328.0,38.0,True,
C0002,Pinecrest Corporate,Residential,4453 Oak Way,Franklin,TN,37570.0,David Donovan,749-327-7201,elizabeth.wilson@fieldosclients.com,Door Knock,Maintenance,0.23,"$1,896",Qualified,2025-10-07,2025-10-19,Terrence Blake,Southeast,Flagged drainage issues near loading dock—needs grading quote.,,1896.0,34.0,True,
C0003,Summit Townhomes,HOA,6185 Willow Ln,Jersey City,NJ,7786.0,Michael Preston,473-918-2169,robert.anderson@greenscapepros.com,Referral,Maintenance,7.25,"$59,714",Proposal,2025-10-06,2025-10-11,Priya Singh,Northeast,Asked for flexible payment terms and winter prep plan.,,59714.0,51.0,True,
C0004,Stoneridge Property Group,Residential,1204 Cedar St,Athens,GA,30997.0,John Ellis,935-522-4483,donna.anderson@fieldosclients.com,Web,Maintenance,0.34,"$1,631",Won,2025-10-04,2025-10-11,Anika Patel,Southeast,Waiting on budget approval from facilities director.,,1631.0,20.0,True,
C0005,Meadowview Corporate,Residential,8205 Maple Blvd,Tampa,FL,32148.0,Ethan Hale,312-356-3621,donna.wright@fieldosclients.com,Web,Snow & Ice,0.91,"$3,135",Qualified,2025-10-21,2025-11-01,Anika Patel,Southeast,Flagged drainage issues near loading dock—needs grading quote.,,3135.0,29.0,False,
C0006,Firestone Townhomes,Commercial,4928 Hill Ln,Springfield,MO,63564.0,Robert Finch,203-939-5315,ashley.king@evergreenland.com,Outbound Call,Maintenance,8.5,"$27,486",Won,2025-10-08,2025-10-12,Dana Nguyen,Midwest,Asked for flexible payment terms and winter prep plan.,,27486.0,26.0,True,
C0007,Prairie Collective,HOA,1069 Cedar St,Lexington,KY,40180.0,Olivia Reeves,287-949-8962,william.wright@fieldosclients.com,Event,Snow & Ice,2.74,"$53,788",Won,2025-10-10,2025-10-16,Dana Nguyen,Midwest,Concerned about noise restrictions—requested early-morning schedule.,,53788.0,32.0,True,
C0008,Stonebridge Partners,Commercial,2102 Cedar Ln,Santa Fe,NM,87165.0,Amelia Lawson,546-221-4770,kenneth.ramirez@greenscapepros.com,Referral,Hardscape,5.39,"$34,472",Qualified,2025-09-26,2025-10-06,T. Alvarez,Southwest,Wants proposal before HOA board vote.,,34472.0,42.0,True,
C0009,Firestone Residences,Residential,7864 Cedar Blvd,Indianapolis,IN,46584.0,Henry Lang,616-394-2545,nancy.jones@greenscapepros.com,Door Knock,Irrigation,0.72,"$2,377",Proposal,2025-09-23,2025-10-05,Sophie Grant,Midwest,Prefers Friday walk-throughs with property manager.,,2377.0,39.0,True,
C0010,Highland Partners,HOA,3126 Elm Ave,Mesa,AZ,85355.0,David Carver,277-653-2604,patricia.miller@fieldosclients.com,Door Knock,Maintenance,5.61,"$42,465",Proposal,2025-10-21,2025-10-30,T. Alvarez,Southwest,Wants proposal before HOA board vote.,,42465.0,49.0,True,
C0011,Highland Estates,Residential,7050 Forest Way,Athens,GA,30902.0,Michael Douglas,769-877-8973,susan.sanchez@evergreenland.com,Door Knock,Enhancement,0.47,"$3,099",Qualified,2025-09-30,2025-10-07,Terrence Blake,Southeast,Requested bundled maintenance and snow contract.,,3099.0,35.0,True,
C0012,Summit Outdoor,HOA,2084 View Ln,Dayton,OH,43692.0,Evelyn Bennett,808-240-2343,michelle.walker@evergreenland.com,Referral,Enhancement,3.36,"$34,453",Proposal,2025-10-14,2025-10-23,Marcus Tillman,Midwest,Needs drone photos for amenities upgrade.,,34453.0,46.0,True,
C0013,Fox Hollow Partners,Residential,9344 Maple Dr,Chattanooga,TN,37650.0,Amelia Whitaker,418-718-5345,betty.rodriguez@fieldosclients.com,Door Knock,Snow & Ice,0.42,"$4,579",Lost,2025-10-29,2025-11-08,Terrence Blake,Southeast,Wants proposal before HOA board vote.,,4579.0,27.0,False,
C0014,Willow Creek Townhomes,Residential,2011 Maple Way,Jacksonville,FL,32666.0,Emily Clarke,359-478-5616,andrew.martin@evergreenland.com,Referral,Irrigation,0.94,"$1,924",Lost,2025-10-21,2025-10-28,Terrence Blake,Southeast,Requested bundled maintenance and snow contract.,,1924.0,22.0,True,
C0015,Maplewood Holdings,Commercial,7359 Ridge Way,Cherry Hill,NJ,7537.0,Isabella Griffin,774-209-2832,patricia.garcia@evergreenland.com,Door Knock,Maintenance,4.67,"$18,573",Proposal,2025-10-13,2025-10-18,Priya Singh,Northeast,Asked for flexible payment terms and winter prep plan.,,18573.0,42.0,True,
C0016,Fox Hollow Outdoor,Commercial,2652 Cedar Blvd,Lexington,KY,40266.0,William Carver,381-622-1406,robert.martin@fieldosclients.com,Door Knock,Snow & Ice,8.5,"$16,736",Qualified,2025-09-24,2025-10-03,Marcus Tillman,Midwest,Interested in smart irrigation controllers and mulch refresh.,,16736.0,38.0,True,
C0017,Evergreen Property Group,HOA,507 Sunset Ln,Tampa,FL,32508.0,Ava Marsh,536-485-2137,michael.harris@greenscapepros.com,Outbound Call,Enhancement,12.71,"$60,166",Qualified,2025-10-15,2025-10-21,Terrence Blake,Southeast,Prefers Friday walk-throughs with property manager.,,60166.0,47.0,True,
C0018,Cedar Grove Holdings,HOA,8499 Maple Ave,Las Cruces,NM,87690.0,Evelyn Marsh,394-460-1727,linda.taylor@fieldosclients.com,Web,Maintenance,3.86,"$58,479",Qualified,2025-10-09,2025-10-18,T. Alvarez,Southwest,Asked for flexible payment terms and winter prep plan.,,58479.0,47.0,True,
C0019,Summit Landscapes,Residential,4964 Ridge Ln,Sarasota,FL,32296.0,James Reeves,630-880-7211,nancy.lee@evergreenland.com,Web,Irrigation,0.58,"$4,231",Qualified,2025-10-04,2025-10-18,Morgan Price,Southeast,Flagged drainage issues near loading dock—needs grading quote.,,4231.0,35.0,True,
C0020,Silverleaf Residences,Commercial,1509 Elm St,Baltimore,MD,21779.0,Sophia Bennett,848-834-6491,susan.ramirez@outdoorhq.com,Door Knock,Install,8.43,"$43,500",Qualified,2025-10-19,2025-11-01,Priya Singh,Northeast,Needs drone photos for amenities upgrade.,,43500.0,36.0,False,
C0021,Meadowview Partners,Residential,6411 Lake Ave,Savannah,GA,30349.0,Henry Clarke,351-871-1090,jessica.walker@evergreenland.com,Event,Snow & Ice,0.5,"$4,079",Proposal,2025-09-14,2025-09-28,L. Chavez,Southeast,Interested in smart irrigation controllers and mulch refresh.,,4079.0,39.0,True,
C0022,Evergreen Pavilion,Residential,5318 Lake St,Athens,GA,30934.0,Benjamin Santos,936-716-7991,jessica.davis@outdoorhq.com,Event,Enhancement,0.83,"$4,234",Proposal,2025-09-24,2025-10-06,Anika Patel,Southeast,Concerned about noise restrictions—requested early-morning schedule.,,4234.0,39.0,True,
C0023,Prairie Corporate,HOA,5358 Ridge Dr,Tempe,AZ,85241.0,Laura Reeves,354-436-7275,sarah.king@greenscapepros.com,Web,Irrigation,8.0,"$76,762",Qualified,2025-10-12,2025-10-20,Miles Foster,Southwest,Wants proposal before HOA board vote.,,76762.0,51.0,True,
C0024,Maplewood Partners,Residential,9552 Hill Ave,Tempe,AZ,85106.0,Harper Sullivan,560-505-7389,mark.brown@greenscapepros.com,Event,Snow & Ice,0.48,"$4,653",Proposal,2025-09-15,2025-09-18,Devon Parker,Southwest,Asked for flexible payment terms and winter prep plan.,,4653.0,39.0,True,
C0025,Highland Property Group,Residential,2211 View St,Tampa,FL,32127.0,Olivia Monroe,603-806-1444,kimberly.johnson@outdoorhq.com,Door Knock,Irrigation,0.72,"$4,769",Qualified,2025-10-19,2025-10-29,Anika Patel,Southeast,Concerned about noise restrictions—requested early-morning schedule.,,4769.0,35.0,True,
C0026,Lakeshore Solutions,Commercial,437 Forest St,Dallas,TX,75153.0,Anthony Dalton,558-429-2124,daniel.wilson@fieldosclients.com,Web,Install,4.06,"$37,627",Qualified,2025-10-24,2025-11-03,T. Alvarez,Southwest,Asked for irrigation tune-up and quote on seasonal color.,,37627.0,38.0,False,
C0027,Evergreen HOA,Commercial,1996 Pine Ct,Atlanta,GA,30210.0,Harper Preston,792-226-6111,jessica.rodriguez@evergreenland.com,Referral,Irrigation,11.43,"$40,476",Proposal,2025-10-06,2025-10-11,Anika Patel,Southeast,Interested in smart irrigation controllers and mulch refresh.,,40476.0,47.0,True,
C0028,Highland HOA,Residential,5710 Oak Blvd,Savannah,GA,30530.0,Benjamin Fulton,701-308-8102,karen.hill@evergreenland.com,Outbound Call,Maintenance,0.45,"$3,254",Proposal,2025-10-25,2025-11-05,Anika Patel,Southeast,Concerned about noise restrictions—requested early-morning schedule.,,3254.0,37.0,False,
C0029,Maplewood Campus,Residential,4689 Lake Ln,Houston,TX,75868.0,David Dalton,675-783-7209,andrew.walker@outdoorhq.com,Door Knock,Snow & Ice,0.85,"$3,926",Qualified,2025-10-14,2025-10-18,Devon Parker,Southwest,Prefers Friday walk-throughs with property manager.,,3926.0,35.0,True,
C0030,Oakridge Corporate,Residential,6778 Lake St,Tampa,FL,32876.0,Grace Langley,446-907-8800,charles.perez@fieldosclients.com,Referral,Irrigation,0.62,"$3,616",Lost,2025-10-24,2025-10-30,Anika Patel,Southeast,Waiting on budget approval from facilities director.,,3616.0,29.0,True,
C0031,Prairie Partners,HOA,4558 Elm Ct,Dayton,OH,43336.0,Grace Preston,323-938-4155,jessica.martin@fieldosclients.com,Door Knock,Snow & Ice,14.96,"$66,070",Qualified,2025-09-15,2025-09-25,Dana Nguyen,Midwest,Requested bundled maintenance and snow contract.,,66070.0,49.0,True,
C0032,Stoneridge Square,Residential,351 Forest St,Franklin,TN,37229.0,Anthony Bennett,480-246-1893,michelle.king@fieldosclients.com,Referral,Maintenance,0.86,"$2,713",Lead,2025-10-18,2025-10-25,Morgan Price,Southeast,Waiting on budget approval from facilities director.,,2713.0,29.0,True,
C0033,Pinecrest Management,Commercial,998 Pine Ln,Dayton,OH,43930.0,Ethan Fulton,776-511-2395,donald.perez@fieldosclients.com,Outbound Call,Install,2.25,"$14,282",Qualified,2025-10-25,2025-11-06,R. Collins,Midwest,Asked for flexible payment terms and winter prep plan.,,14282.0,35.0,False,
C0034,Summit Management,HOA,3577 Elm Way,Santa Fe,NM,87183.0,Amelia Kerr,360-445-3847,anthony.lewis@outdoorhq.com,Referral,Irrigation,9.61,"$33,947",Proposal,2025-10-23,2025-10-29,Miles Foster,Southwest,Asked for irrigation tune-up and quote on seasonal color.,,33947.0,52.0,True,
C0035,Stoneridge Pavilion,Commercial,3361 Hill Dr,Mesa,AZ,85657.0,Anthony Hale,430-863-3441,thomas.jackson@outdoorhq.com,Outbound Call,Maintenance,8.56,"$27,337",Won,2025-09-19,2025-10-01,Miles Foster,Southwest,Wants proposal before HOA board vote.,,27337.0,26.0,True,
C0036,Willow Creek Center,Commercial,1437 View Dr,Carmel,IN,46542.0,James Langley,952-530-5102,joshua.jackson@outdoorhq.com,Door Knock,Hardscape,8.7,"$27,841",Proposal,2025-09-28,2025-10-08,Dana Nguyen,Midwest,Flagged drainage issues near loading dock—needs grading quote.,,27841.0,44.0,True,
C0037,Firestone Estates,Residential,7820 Willow Ave,Louisville,KY,40441.0,Ava Holloway,528-886-2713,barbara.walker@outdoorhq.com,Event,Irrigation,0.3,"$3,897",Qualified,2025-09-28,2025-10-02,Marcus Tillman,Midwest,Interested in smart irrigation controllers and mulch refresh.,,3897.0,35.0,True,
C0038,Cedar Grove Collective,HOA,9009 Lake Ave,Mesa,AZ,85155.0,John Donovan,392-730-6927,donna.williams@fieldosclients.com,Referral,Irrigation,6.54,"$80,629",Qualified,2025-09-27,2025-09-30,Devon Parker,Southwest,Waiting on budget approval from facilities director.,,80629.0,52.0,True,
C0039,Riverbend Center,Commercial,6804 Maple Ln,Carmel,IN,46961.0,Matthew Santos,316-672-2924,christopher.lewis@evergreenland.com,Referral,Irrigation,9.79,"$20,379",Qualified,2025-10-29,2025-11-09,Dana Nguyen,Midwest,Waiting on budget approval from facilities director.,,20379.0,45.0,False,
C0040,Heritage Estates,HOA,4646 Hill Ct,Princeton,NJ,7906.0,Evelyn Sullivan,719-473-1042,steven.walker@greenscapepros.com,Door Knock,Snow & Ice,4.88,"$69,280",Proposal,2025-10-29,2025-10-25,Evan Brooks,Northeast,Flagged drainage issues near loading dock—needs grading quote.,,69280.0,71.0,True,
C0041,Cedar Grove Center,Residential,6394 Cedar Blvd,Plano,TX,75894.0,Charlotte Carver,620-244-6213,matthew.perez@outdoorhq.com,Web,Snow & Ice,0.94,"$2,272",Lost,2025-10-14,2025-10-26,Devon Parker,Southwest,Interested in smart irrigation controllers and mulch refresh.,,2272.0,21.0,True,
C0042,Oakridge Outdoor,Residential,2649 Maple Ave,Orlando,FL,32900.0,Isabella Abbott,471-546-7512,michelle.perez@evergreenland.com,Referral,Snow & Ice,0.23,"$3,371",Lead,2025-10-20,2025-10-29,Terrence Blake,Southeast,Asked for flexible payment terms and winter prep plan.,,3371.0,29.0,True,
C0043,Heritage Community Association,HOA,1766 Lake Ln,Mesa,AZ,85810.0,Charlotte Sawyer,506-229-1753,robert.jones@fieldosclients.com,Door Knock,Enhancement,11.83,"$58,440",Lost,2025-09-19,2025-10-03,T. Alvarez,Southwest,Needs drone photos for amenities upgrade.,,58440.0,33.0,True,
C0044,Bluegrass Community Association,Commercial,9674 Pine Ln,Columbia,MD,21572.0,Sophia Holloway,853-460-8529,emily.clark@greenscapepros.com,Door Knock,Maintenance,7.7,"$35,070",Proposal,2025-10-14,2025-10-24,J. O’Malley,Northeast,Waiting on budget approval from facilities director.,,35070.0,46.0,True,
C0045,Cedar Grove Corporate,Commercial,1867 Cedar Ave,Jersey City,NJ,7685.0,Sarah Marsh,567-788-5847,matthew.nguyen@outdoorhq.com,Outbound Call,Hardscape,6.03,"$29,799",Lead,2025-10-05,2025-10-15,Evan Brooks,Northeast,Asked for irrigation tune-up and quote on seasonal color.,,29799.0,35.0,True,
C0046,Stonebridge Holdings,Residential,3235 View Ct,Phoenix,AZ,85794.0,Michael Donovan,973-938-3240,patricia.hill@outdoorhq.com,Referral,Irrigation,0.81,"$2,442",Proposal,2025-10-07,2025-10-13,T. Alvarez,Southwest,Needs drone photos for amenities upgrade.,,2442.0,39.0,True,
C0047,Bluegrass Holdings,HOA,8341 Elm Blvd,Houston,TX,75268.0,Matthew Langley,463-693-5835,jennifer.jackson@outdoorhq.com,Web,Enhancement,5.01,"$81,544",Proposal,2025-10-06,2025-10-17,Caroline West,Southwest,Wants proposal before HOA board vote.,,81544.0,56.0,True,
C0048,Oakridge Management,HOA,4415 View Ave,Austin,TX,75942.0,Ava Fulton,853-580-2775,thomas.sanchez@outdoorhq.com,Web,Maintenance,5.81,"$38,099",Qualified,2025-09-16,2025-09-30,Devon Parker,Southwest,Asked for irrigation tune-up and quote on seasonal color.,,38099.0,42.0,True,
C0049,Prairie Residences,HOA,3966 Ridge Ln,Jersey City,NJ,7497.0,James Mercer,664-579-9850,ashley.martin@greenscapepros.com,Referral,Maintenance,14.33,"$49,946",Lost,2025-10-22,2025-10-26,Priya Singh,Northeast,Interested in smart irrigation controllers and mulch refresh.,,49946.0,35.0,True,
C0050,Fox Hollow Collective,Residential,6138 Ridge Way,Springfield,MO,63467.0,Robert Clarke,262-607-5520,sarah.williams@fieldosclients.com,Door Knock,Enhancement,0.53,"$2,467",Won,2025-10-23,2025-11-05,R. Collins,Midwest,Waiting on budget approval from facilities director.,,2467.0,15.0,False,
C0051,Prairie HOA,HOA,5503 Pine Blvd,Indianapolis,IN,46710.0,Henry Griffin,202-483-3370,nancy.thomas@greenscapepros.com,Outbound Call,Maintenance,12.87,"$66,320",Lead,2025-10-16,2025-10-22,Marcus Tillman,Midwest,Concerned about noise restrictions—requested early-morning schedule.,,66320.0,43.0,True,
C0052,Maplewood Outdoor,HOA,1161 Lake Ave,Cleveland,OH,43896.0,Joseph Holloway,570-725-2786,jessica.nguyen@greenscapepros.com,Referral,Irrigation,3.15,"$78,609",Qualified,2025-10-22,2025-11-05,Dana Nguyen,Midwest,Flagged drainage issues near loading dock—needs grading quote.,,78609.0,44.0,False,
C0053,Heritage Campus,Commercial,2550 Maple Ln,Covington,KY,40381.0,Emily Marsh,839-848-9984,mary.brown@outdoorhq.com,Web,Maintenance,6.39,"$39,069",Lead,2025-10-24,2025-11-01,Sophie Grant,Midwest,Flagged drainage issues near loading dock—needs grading quote.,,39069.0,37.0,False,
C0054,Pinecrest Holdings,Commercial,7112 Willow Way,Columbia,MD,21361.0,Daniel Barden,583-356-8770,linda.scott@outdoorhq.com,Door Knock,Snow & Ice,5.55,"$39,720",Qualified,2025-10-23,2025-10-31,J. O’Malley,Northeast,Wants proposal before HOA board vote.,,39720.0,45.0,False,
C0055,Stonebridge Townhomes,HOA,962 Elm St,Houston,TX,75419.0,Olivia Preston,560-306-9313,donna.brown@evergreenland.com,Door Knock,Snow & Ice,6.92,"$73,603",Lost,2025-10-02,2025-10-16,Devon Parker,Southwest,Requested bundled maintenance and snow contract.,,73603.0,36.0,True,
C0056,Pinecrest Community Association,HOA,4597 Forest Blvd,Bowling Green,KY,40416.0,Michael Finch,547-559-1100,sarah.torres@evergreenland.com,Door Knock,Hardscape,14.11,"$84,359",Proposal,2025-10-28,2025-11-02,Dana Nguyen,Midwest,Flagged drainage issues near loading dock—needs grading quote.,,84359.0,65.0,False,
C0057,Lakeshore Corporate,HOA,9888 Maple Dr,Austin,TX,75259.0,Michael Holloway,361-972-1815,mary.garcia@outdoorhq.com,Web,Snow & Ice,6.76,"$54,251",Qualified,2025-10-09,2025-10-21,Caroline West,Southwest,Waiting on budget approval from facilities director.,,54251.0,46.0,True,
C0058,Evergreen Center,Residential,8753 Sunset Ct,Mesa,AZ,85146.0,Olivia Dalton,425-604-1897,susan.allen@evergreenland.com,Door Knock,Irrigation,0.52,"$2,660",Proposal,2025-09-22,2025-10-02,Caroline West,Southwest,Requested bundled maintenance and snow contract.,,2660.0,39.0,True,
C0059,Bluegrass HOA,Residential,5922 Maple Ave,Jacksonville,FL,32982.0,Isabella McKenzie,959-243-8147,james.young@outdoorhq.com,Door Knock,Enhancement,0.26,"$3,681",Won,2025-09-27,2025-10-08,L. Chavez,Southeast,Prefers Friday walk-throughs with property manager.,,3681.0,21.0,True,
C0060,Stonebridge Square,HOA,1563 Hill Blvd,Rio Rancho,NM,87208.0,Liam Marsh,449-646-7560,mark.jackson@evergreenland.com,Referral,Irrigation,4.65,"$70,509",Qualified,2025-09-15,2025-09-23,Devon Parker,Southwest,Needs drone photos for amenities upgrade.,,70509.0,50.0,True,
C0061,Bluegrass Collective,Residential,3991 Maple Ln,Allentown,PA,19362.0,Robert Harrington,402-377-3504,john.allen@evergreenland.com,Web,Enhancement,0.92,"$2,931",Qualified,2025-09-18,2025-09-23,J. O’Malley,Northeast,Concerned about noise restrictions—requested early-morning schedule.,,2931.0,35.0,True,
C0062,Summit Collective,HOA,1040 Willow St,Mesa,AZ,85175.0,Sophia Lang,517-672-8404,joshua.lee@outdoorhq.com,Door Knock,Maintenance,8.36,"$71,378",Qualified,2025-10-12,2025-10-24,Caroline West,Southwest,Needs drone photos for amenities upgrade.,,71378.0,50.0,True,
C0063,Stoneridge Campus,Commercial,1815 Willow Way,Cincinnati,OH,43186.0,Evelyn Donovan,716-861-3827,donna.williams@greenscapepros.com,Door Knock,Hardscape,7.66,"$42,857",Lead,2025-10-26,2025-11-05,Sophie Grant,Midwest,Waiting on budget approval from facilities director.,,42857.0,38.0,False,
C0064,Lakeshore Estates,HOA,4248 Forest Blvd,Jacksonville,FL,32772.0,Sarah Douglas,817-353-6461,anthony.clark@evergreenland.com,Door Knock,Irrigation,3.32,"$36,193",Proposal,2025-10-05,2025-10-12,Morgan Price,Southeast,Prefers Friday walk-throughs with property manager.,,36193.0,46.0,True,
C0065,Pinecrest HOA,Commercial,8451 Willow Dr,Cherry Hill,NJ,7471.0,Robert Langley,516-384-4509,jennifer.martin@fieldosclients.com,Door Knock,Snow & Ice,8.37,"$44,497",Lead,2025-09-17,2025-09-26,Hannah Cohen,Northeast,Requested bundled maintenance and snow contract.,,44497.0,38.0,True,
C0066,Willow Creek Management,Residential,2778 Pine Blvd,Savannah,GA,30809.0,Mia Santos,989-839-3712,michael.allen@evergreenland.com,Web,Irrigation,0.89,"$4,031",Lead,2025-10-05,2025-10-10,L. Chavez,Southeast,Interested in smart irrigation controllers and mulch refresh.,,4031.0,29.0,True,
C0067,Riverbend Campus,Residential,6146 Sunset St,Jersey City,NJ,7551.0,Olivia Lawson,672-987-5616,carol.jackson@outdoorhq.com,Web,Enhancement,0.6,"$2,767",Lost,2025-09-29,2025-10-05,Hannah Cohen,Northeast,Concerned about noise restrictions—requested early-morning schedule.,,2767.0,21.0,True,
C0068,Evergreen Campus,HOA,7481 Ridge Ln,Knoxville,TN,37950.0,Evelyn Langley,647-293-4637,patricia.walker@evergreenland.com,Event,Hardscape,13.14,"$48,681",Lead,2025-10-19,2025-10-26,Terrence Blake,Southeast,Asked for irrigation tune-up and quote on seasonal color.,,48681.0,39.0,True,
C0069,Summit Property Group,Residential,5613 Pine Ln,Plano,TX,75139.0,Benjamin Langley,493-683-3273,jessica.harris@evergreenland.com,Web,Irrigation,0.34,"$2,805",Lost,2025-09-14,2025-09-27,Devon Parker,Southwest,Waiting on budget approval from facilities director.,,2805.0,21.0,True,
C0070,Firestone Holdings,HOA,7609 Maple Dr,Columbus,OH,43956.0,Harper Abbott,711-811-9782,elizabeth.scott@fieldosclients.com,Door Knock,Enhancement,6.26,"$33,129",Lead,2025-09-19,2025-10-01,Dana Nguyen,Midwest,Concerned about noise restrictions—requested early-morning schedule.,,33129.0,35.0,True,
C0071,Pinecrest Residences,HOA,8436 Ridge Dr,Baltimore,MD,21499.0,Mia Fulton,681-244-7338,jessica.torres@evergreenland.com,Outbound Call,Hardscape,14.68,"$34,435",Lost,2025-09-25,2025-10-06,Evan Brooks,Northeast,Asked for irrigation tune-up and quote on seasonal color.,,34435.0,28.0,True,
C0072,Maplewood Property Group,Commercial,7960 Sunset Ln,Allentown,PA,19930.0,Laura Douglas,338-264-8498,michael.nguyen@evergreenland.com,Door Knock,Hardscape,7.01,"$21,474",Won,2025-09-16,2025-09-26,Priya Singh,Northeast,Asked for irrigation tune-up and quote on seasonal color.,,21474.0,25.0,True,
C0073,Firestone Landscapes,HOA,4596 Maple Blvd,Marietta,GA,30476.0,James Clarke,647-609-8204,paul.sanchez@evergreenland.com,Event,Enhancement,6.08,"$86,501",Won,2025-09-18,2025-09-26,Anika Patel,Southeast,Prefers Friday walk-throughs with property manager.,,86501.0,39.0,True,
C0074,Willow Creek Enterprises,Residential,4933 Willow Dr,Sarasota,FL,32181.0,Mia Finch,535-876-5843,emily.moore@evergreenland.com,Door Knock,Snow & Ice,0.22,"$3,967",Lost,2025-10-18,2025-10-29,Anika Patel,Southeast,Concerned about noise restrictions—requested early-morning schedule.,,3967.0,21.0,True,
C0075,Prairie Logistics,Commercial,630 Pine Blvd,Mesa,AZ,85722.0,Chloe Carver,894-648-1570,matthew.ramirez@evergreenland.com,Door Knock,Maintenance,8.38,"$36,621",Qualified,2025-09-16,2025-09-21,Miles Foster,Southwest,Prefers Friday walk-throughs with property manager.,,36621.0,42.0,True,
C0076,Lakeshore Square,HOA,4209 Maple Dr,Baltimore,MD,21853.0,Sarah Donovan,390-711-9482,donald.white@evergreenland.com,Door Knock,Hardscape,4.22,"$54,048",Qualified,2025-09-18,2025-09-25,J. O’Malley,Northeast,Needs drone photos for amenities upgrade.,,54048.0,46.0,True,
C0077,Bluegrass Center,Commercial,1558 Sunset Blvd,Cherry Hill,NJ,7427.0,Harper Lawson,883-555-2063,carol.jackson@evergreenland.com,Referral,Snow & Ice,10.38,"$39,625",Lead,2025-09-14,2025-09-24,Evan Brooks,Northeast,Needs drone photos for amenities upgrade.,,39625.0,37.0,True,
C0078,Heritage Residences,HOA,7777 Ridge Ln,Knoxville,TN,37726.0,Sarah Mercer,288-267-6067,paul.anderson@greenscapepros.com,Door Knock,Enhancement,12.38,"$31,722",Qualified,2025-09-23,2025-10-01,Anika Patel,Southeast,Asked for flexible payment terms and winter prep plan.,,31722.0,41.0,True,
C0079,Evergreen Residences,Commercial,8358 Oak Blvd,Phoenix,AZ,85227.0,Michael Hale,730-356-5982,daniel.jones@fieldosclients.com,Door Knock,Snow & Ice,10.66,"$21,925",Won,2025-10-21,2025-10-30,Caroline West,Southwest,Requested bundled maintenance and snow contract.,,21925.0,27.0,True,
C0080,Evergreen Corporate,Residential,2882 View St,Princeton,NJ,7257.0,Anthony Harrington,375-874-6531,charles.gonzalez@fieldosclients.com,Event,Enhancement,0.68,"$4,016",Proposal,2025-09-27,2025-10-10,J. O’Malley,Northeast,Asked for irrigation tune-up and quote on seasonal color.,,4016.0,39.0,True,
C0081,Stonebridge Corporate,Commercial,1101 Pine Ave,Dayton,OH,43525.0,William Hale,695-675-4342,joshua.clark@fieldosclients.com,Door Knock,Hardscape,6.31,"$36,613",Qualified,2025-10-25,2025-11-08,Dana Nguyen,Midwest,Prefers Friday walk-throughs with property manager.,,36613.0,40.0,False,
C0082,Lakeshore Pavilion,Residential,1706 Oak Ct,Princeton,NJ,7493.0,Michael Lang,830-628-5067,david.white@evergreenland.com,Outbound Call,Irrigation,0.36,"$2,001",Qualified,2025-10-14,2025-10-19,Priya Singh,Northeast,Prefers Friday walk-throughs with property manager.,,2001.0,34.0,True,
C0083,Heritage Solutions,HOA,9677 Willow Dr,Pittsburgh,PA,19151.0,Harper Dalton,488-706-8710,paul.robinson@outdoorhq.com,Door Knock,Maintenance,3.63,"$55,771",Proposal,2025-10-14,2025-10-20,J. O’Malley,Northeast,Wants proposal before HOA board vote.,,55771.0,50.0,True,
C0084,Meadowview Solutions,HOA,8381 Lake Blvd,Houston,TX,75663.0,Anthony McKenzie,486-838-2946,betty.white@evergreenland.com,Door Knock,Hardscape,9.52,"$53,758",Proposal,2025-10-25,2025-11-03,T. Alvarez,Southwest,Interested in smart irrigation controllers and mulch refresh.,,53758.0,48.0,False,
C0085,Cedar Grove Campus,Residential,7607 Pine St,Annapolis,MD,21627.0,Daniel Clarke,343-535-6218,joseph.hill@outdoorhq.com,Door Knock,Maintenance,0.19,"$2,061",Won,2025-09-29,2025-10-10,Evan Brooks,Northeast,Flagged drainage issues near loading dock—needs grading quote.,,2061.0,20.0,True,
C0086,Evergreen Community Association,HOA,556 View Ave,Cherry Hill,NJ,7371.0,Joseph Hale,871-792-4728,karen.walker@fieldosclients.com,Web,Maintenance,14.75,"$68,253",Qualified,2025-09-15,2025-09-28,Hannah Cohen,Northeast,Concerned about noise restrictions—requested early-morning schedule.,,68253.0,49.0,True,
C0087,Stonebridge Estates,Commercial,1140 Forest Ln,Austin,TX,75631.0,Michael Langley,412-774-6325,linda.gonzalez@fieldosclients.com,Outbound Call,Install,2.67,"$23,362",Qualified,2025-09-20,2025-09-30,Devon Parker,Southwest,Asked for flexible payment terms and winter prep plan.,,23362.0,39.0,True,
C0088,Meadowview Center,Residential,5010 Cedar Ct,Scottsdale,AZ,85889.0,James McKenzie,495-921-4396,andrew.perez@fieldosclients.com,Web,Irrigation,0.67,"$2,287",Lost,2025-10-12,2025-10-23,Devon Parker,Southwest,Prefers Friday walk-throughs with property manager.,,2287.0,21.0,True,
C0089,Silverleaf Holdings,Commercial,7367 Sunset Ct,Tempe,AZ,85865.0,Alexander Marsh,690-419-4310,joshua.wright@fieldosclients.com,Event,Snow & Ice,4.19,"$28,850",Lost,2025-10-24,2025-11-01,Caroline West,Southwest,Asked for flexible payment terms and winter prep plan.,,28850.0,26.0,False,
C0090,Silverleaf Enterprises,HOA,2372 Oak St,Philadelphia,PA,19261.0,Logan Langley,616-868-8793,michelle.thomas@greenscapepros.com,Referral,Enhancement,3.16,"$57,086",Qualified,2025-09-29,2025-10-03,Priya Singh,Northeast,Needs drone photos for amenities upgrade.,,57086.0,47.0,True,
C0091,Cedar Grove Pavilion,Residential,6624 Lake Ln,Baltimore,MD,21866.0,Amelia Sullivan,496-238-1151,jennifer.torres@greenscapepros.com,Door Knock,Maintenance,0.93,"$2,217",Qualified,2025-10-18,2025-10-21,J. O’Malley,Northeast,Prefers Friday walk-throughs with property manager.,,2217.0,34.0,True,
C0092,Prairie Enterprises,Residential,4335 Forest Ln,Columbia,MD,21114.0,Harper Kerr,954-545-5833,david.allen@outdoorhq.com,Referral,Irrigation,0.31,"$1,961",Qualified,2025-09-30,2025-10-13,Priya Singh,Northeast,Concerned about noise restrictions—requested early-morning schedule.,,1961.0,34.0,True,
C0093,Riverbend Estates,Commercial,5067 View Way,Tempe,AZ,85686.0,Alexander Harrington,211-467-6890,michael.lopez@fieldosclients.com,Web,Snow & Ice,1.08,"$35,137",Lead,2025-10-12,2025-10-20,T. Alvarez,Southwest,Wants proposal before HOA board vote.,,35137.0,36.0,True,
C0094,Prairie Management,Residential,2629 Lake Way,Scottsdale,AZ,85720.0,James Griffin,582-625-9998,paul.martin@evergreenland.com,Outbound Call,Irrigation,0.46,"$2,404",Lead,2025-10-21,2025-10-31,Miles Foster,Southwest,Requested bundled maintenance and snow contract.,,2404.0,27.0,False,
C0095,Fox Hollow HOA,HOA,2024 Sunset Ln,Columbia,MO,63834.0,Henry Sawyer,797-700-2489,joshua.davis@greenscapepros.com,Event,Hardscape,9.21,"$40,783",Qualified,2025-09-26,2025-10-06,Sophie Grant,Midwest,Asked for irrigation tune-up and quote on seasonal color.,,40783.0,43.0,True,
C0096,Heritage Logistics,Residential,3690 View Dr,Plano,TX,75146.0,James Holloway,633-552-2044,patricia.scott@outdoorhq.com,Referral,Irrigation,0.76,"$3,121",Qualified,2025-10-29,2025-11-12,T. Alvarez,Southwest,Wants proposal before HOA board vote.,,3121.0,41.0,False,
C0097,Lakeshore Holdings,Residential,8955 Pine Way,Houston,TX,75980.0,Benjamin Lang,556-321-3924,david.clark@fieldosclients.com,Outbound Call,Snow & Ice,0.53,"$3,046",Qualified,2025-09-16,2025-09-29,Devon Parker,Southwest,Asked for flexible payment terms and winter prep plan.,,3046.0,35.0,True,
C0098,Riverbend Property Group,HOA,4636 Cedar Way,Knoxville,TN,37883.0,John Sawyer,315-232-7868,mary.martin@outdoorhq.com,Referral,Hardscape,7.24,"$45,051",Lead,2025-10-07,2025-10-12,L. Chavez,Southeast,Requested bundled maintenance and snow contract.,,45051.0,38.0,True,
C0099,Oakridge Partners,Commercial,8375 Elm Ln,Atlanta,GA,30935.0,Laura Donovan,949-789-6224,donald.hill@evergreenland.com,Referral,Install,5.83,"$24,238",Won,2025-10-26,2025-10-31,Terrence Blake,Southeast,Requested bundled maintenance and snow contract.,,24238.0,33.0,False,
C0100,Stoneridge Townhomes,HOA,8712 Willow Way,Pittsburgh,PA,19526.0,John Harrington,618-352-5913,sarah.brown@outdoorhq.com,Door Knock,Hardscape,8.7,"$52,571",Lost,2025-09-17,2025-09-26,Hannah Cohen,Northeast,Requested bundled maintenance and snow contract.,,52571.0,32.0,True,
C0101,Evergreen Management,HOA,6199 Maple St,Tampa,FL,32841.0,Isabella Whitaker,395-252-5398,patricia.scott@greenscapepros.com,Door Knock,Snow & Ice,5.54,"$43,325",Qualified,2025-10-24,2025-11-03,L. Chavez,Southeast,Wants proposal before HOA board vote.,,43325.0,40.0,False,
C0102,Silverleaf Square,Residential,3470 Hill Ln,Knoxville,TN,37665.0,Mia McKenzie,529-489-7236,nancy.martin@evergreenland.com,Referral,Enhancement,0.95,"$4,537",Lead,2025-09-29,2025-10-05,Terrence Blake,Southeast,Needs drone photos for amenities upgrade.,,4537.0,29.0,True,
C0103,Lakeshore Enterprises,HOA,4392 Ridge St,Columbia,MD,21693.0,Harper Keaton,937-627-5836,steven.lee@fieldosclients.com,Door Knock,Snow & Ice,3.07,"$86,628",Lead,2025-10-20,2025-10-23,Evan Brooks,Northeast,Requested bundled maintenance and snow contract.,,86628.0,47.0,True,
C0104,Lakeshore Outdoor,Residential,9074 Lake Ln,Santa Fe,NM,87655.0,Robert Kerr,857-260-9584,nancy.taylor@outdoorhq.com,Door Knock,Snow & Ice,0.54,"$4,501",Won,2025-10-19,2025-10-24,T. Alvarez,Southwest,Asked for irrigation tune-up and quote on seasonal color.,,4501.0,21.0,True,
C0105,Pinecrest Estates,Residential,8036 Sunset Ave,Kansas City,MO,63116.0,Sophia Abbott,206-744-7739,thomas.jones@greenscapepros.com,Door Knock,Maintenance,0.34,"$3,367",Qualified,2025-09-20,2025-10-03,Marcus Tillman,Midwest,Asked for flexible payment terms and winter prep plan.,,3367.0,35.0,True,
C0106,Fox Hollow Management,Residential,6622 Maple Ct,Harrisburg,PA,19515.0,Harper Clarke,670-778-4984,barbara.miller@evergreenland.com,Outbound Call,Enhancement,0.35,"$4,038",Proposal,2025-10-07,2025-10-14,Priya Singh,Northeast,Needs drone photos for amenities upgrade.,,4038.0,39.0,True,
C0107,Brookstone Collective,Commercial,1682 Ridge Dr,Columbus,OH,43335.0,John Santos,416-908-8790,anthony.scott@evergreenland.com,Door Knock,Snow & Ice,1.91,"$38,436",Proposal,2025-10-08,2025-10-20,R. Collins,Midwest,Needs drone photos for amenities upgrade.,,38436.0,47.0,True,
C0108,Highland Collective,HOA,8976 Willow Ave,Carmel,IN,46873.0,Amelia Marsh,957-343-2284,susan.nguyen@outdoorhq.com,Referral,Maintenance,6.24,"$66,959",Lead,2025-10-05,2025-10-18,Marcus Tillman,Midwest,Asked for irrigation tune-up and quote on seasonal color.,,66959.0,43.0,True,
C0109,Riverbend Residences,Residential,3857 Willow St,Kansas City,MO,63484.0,Amelia Finch,642-390-7227,nancy.hill@outdoorhq.com,Door Knock,Irrigation,0.18,"$2,619",Won,2025-10-01,2025-10-11,Marcus Tillman,Midwest,Requested bundled maintenance and snow contract.,,2619.0,21.0,True,
C0110,Lakeshore Logistics,HOA,2290 Maple Ln,Dayton,OH,43541.0,Olivia Carver,659-770-9395,elizabeth.harris@evergreenland.com,Referral,Maintenance,2.56,"$50,202",Qualified,2025-10-12,2025-10-16,R. Collins,Midwest,Wants proposal before HOA board vote.,,50202.0,45.0,True,
C0111,Willow Creek Outdoor,HOA,8657 Pine Way,Newark,NJ,7489.0,Chloe Monroe,373-342-5405,daniel.harris@outdoorhq.com,Door Knock,Snow & Ice,12.24,"$77,503",Lost,2025-10-14,2025-10-26,Hannah Cohen,Northeast,Concerned about noise restrictions—requested early-morning schedule.,,77503.0,37.0,True,
C0112,Firestone HOA,HOA,1872 Pine Ct,Bloomington,IN,46106.0,Anthony Sawyer,605-540-7224,karen.walker@fieldosclients.com,Event,Enhancement,11.51,"$62,492",Proposal,2025-10-17,2025-10-27,Marcus Tillman,Midwest,Waiting on budget approval from facilities director.,,62492.0,52.0,True,
C0113,Riverbend Holdings,Commercial,9555 Cedar Ct,Rockville,MD,21485.0,Matthew Dalton,487-602-6980,kenneth.gonzalez@greenscapepros.com,Door Knock,Install,11.66,"$29,100",Won,2025-09-19,2025-09-29,Priya Singh,Northeast,Flagged drainage issues near loading dock—needs grading quote.,,29100.0,26.0,True,
C0114,Silverleaf Center,HOA,2645 Forest Ave,Nashville,TN,37908.0,Anthony Kerr,586-275-8357,ashley.wilson@evergreenland.com,Outbound Call,Snow & Ice,10.91,"$39,121",Proposal,2025-10-14,2025-10-21,Anika Patel,Southeast,Flagged drainage issues near loading dock—needs grading quote.,,39121.0,47.0,True,
C0115,Prairie Solutions,Residential,845 View Way,Rio Rancho,NM,87793.0,Alexander Dalton,862-609-6432,lisa.wright@evergreenland.com,Outbound Call,Maintenance,0.8,"$4,193",Proposal,2025-10-19,2025-11-01,Devon Parker,Southwest,Wants proposal before HOA board vote.,,4193.0,31.0,False,
C0116,Brookstone Square,HOA,5771 Oak Ave,Dayton,OH,43207.0,James Whitaker,502-625-2406,emily.scott@fieldosclients.com,Door Knock,Snow & Ice,8.29,"$74,535",Proposal,2025-09-27,2025-10-02,Dana Nguyen,Midwest,Prefers Friday walk-throughs with property manager.,,74535.0,55.0,True,
C0117,Summit Pavilion,Residential,5039 Oak Blvd,Columbia,MD,21827.0,Mia Bennett,317-223-6620,emily.walker@fieldosclients.com,Referral,Snow & Ice,0.23,"$4,457",Proposal,2025-10-09,2025-10-13,Priya Singh,Northeast,Requested bundled maintenance and snow contract.,,4457.0,39.0,True,
C0118,Fox Hollow Center,Residential,598 Forest St,Knoxville,TN,37302.0,Emily Douglas,660-806-8037,sandra.robinson@greenscapepros.com,Door Knock,Snow & Ice,0.69,"$2,263",Proposal,2025-10-02,2025-10-11,Morgan Price,Southeast,Requested bundled maintenance and snow contract.,,2263.0,39.0,True,
C0119,Stonebridge HOA,HOA,5254 View Ave,Newark,NJ,7725.0,John Mercer,601-801-2871,andrew.lopez@greenscapepros.com,Door Knock,Snow & Ice,3.92,"$73,955",Won,2025-09-26,2025-10-09,Hannah Cohen,Northeast,Flagged drainage issues near loading dock—needs grading quote.,,73955.0,36.0,True,
C0120,Silverleaf Collective,HOA,6484 Hill St,Chattanooga,TN,37241.0,Michael Kerr,788-592-7931,michelle.garcia@evergreenland.com,Door Knock,Enhancement,6.32,"$41,996",Qualified,2025-10-20,2025-10-31,Morgan Price,Southeast,Asked for flexible payment terms and winter prep plan.,,41996.0,39.0,False,
C0121,Highland Pavilion,Residential,8401 Sunset Ave,Jacksonville,FL,32518.0,Daniel Kerr,901-703-7809,daniel.lewis@evergreenland.com,Web,Irrigation,0.96,"$3,484",Lead,2025-10-05,2025-10-16,Anika Patel,Southeast,Waiting on budget approval from facilities director.,,3484.0,29.0,True,
C0122,Summit Enterprises,HOA,8489 Maple St,Atlanta,GA,30216.0,Ethan Griffin,474-756-7010,thomas.jackson@greenscapepros.com,Referral,Hardscape,6.11,"$81,166",Qualified,2025-09-28,2025-10-09,L. Chavez,Southeast,Waiting on budget approval from facilities director.,,81166.0,52.0,True,
C0123,Stoneridge Solutions,Commercial,3558 Forest St,Orlando,FL,32805.0,Anthony Finch,559-927-8015,jessica.martin@fieldosclients.com,Door Knock,Hardscape,10.48,"$15,700",Qualified,2025-10-22,2025-10-28,Morgan Price,Southeast,Requested bundled maintenance and snow contract.,,15700.0,42.0,True,
C0124,Cedar Grove Townhomes,Residential,1680 Pine Blvd,Marietta,GA,30904.0,Mia Kerr,621-260-5543,kenneth.wright@greenscapepros.com,Event,Irrigation,0.98,"$2,698",Qualified,2025-10-12,2025-10-23,Morgan Price,Southeast,Concerned about noise restrictions—requested early-morning schedule.,,2698.0,35.0,True,
C0125,Maplewood Residences,HOA,8567 Forest Ct,Marietta,GA,30811.0,Charlotte Preston,577-665-8996,betty.young@fieldosclients.com,Door Knock,Snow & Ice,7.19,"$34,949",Proposal,2025-10-24,2025-11-02,L. Chavez,Southeast,Wants proposal before HOA board vote.,,34949.0,46.0,False,
C0126,Cedar Grove Landscapes,HOA,2259 View Blvd,Las Cruces,NM,87596.0,Isabella Monroe,551-898-1793,andrew.sanchez@greenscapepros.com,Door Knock,Snow & Ice,5.86,"$84,286",Qualified,2025-09-24,2025-10-06,Devon Parker,Southwest,Asked for irrigation tune-up and quote on seasonal color.,,84286.0,53.0,True,
C0127,Firestone Enterprises,Commercial,1470 Willow Way,Bloomington,IN,46764.0,Mia Keaton,369-253-7493,sandra.gonzalez@fieldosclients.com,Referral,Snow & Ice,10.62,"$27,958",Lead,2025-10-06,2025-10-13,Dana Nguyen,Midwest,Interested in smart irrigation controllers and mulch refresh.,,27958.0,34.0,True,
C0128,Stonebridge Pavilion,HOA,2285 Lake Dr,Columbus,OH,43334.0,Benjamin Sawyer,592-291-2678,john.rodriguez@outdoorhq.com,Door Knock,Maintenance,2.6,"$52,516",Won,2025-10-02,2025-10-16,Marcus Tillman,Midwest,Needs drone photos for amenities upgrade.,,52516.0,32.0,True,
C0129,Willow Creek Campus,Commercial,7368 Cedar Dr,Tampa,FL,32202.0,Joseph Kerr,343-970-3017,elizabeth.jones@greenscapepros.com,Referral,Install,4.86,"$23,962",Proposal,2025-10-20,2025-10-29,Anika Patel,Southeast,Prefers Friday walk-throughs with property manager.,,23962.0,43.0,True,
C0130,Bluegrass Residences,Commercial,1014 Cedar Ave,Scottsdale,AZ,85495.0,Ava Ellis,315-446-9185,jennifer.thomas@evergreenland.com,Referral,Hardscape,3.26,"$43,392",Lead,2025-10-04,2025-10-11,T. Alvarez,Southwest,Asked for flexible payment terms and winter prep plan.,,43392.0,38.0,True,
C0131,Fox Hollow Solutions,HOA,345 Elm Ln,Bowling Green,KY,40140.0,Michael Monroe,261-607-9300,joshua.clark@greenscapepros.com,Door Knock,Snow & Ice,14.43,"$80,486",Lead,2025-09-22,2025-09-26,Sophie Grant,Midwest,Interested in smart irrigation controllers and mulch refresh.,,80486.0,46.0,True,
C0132,Pinecrest Enterprises,Commercial,4029 Oak Ln,Austin,TX,75188.0,Olivia Keaton,644-318-8428,karen.garcia@fieldosclients.com,Referral,Install,7.45,"$14,332",Qualified,2025-10-02,2025-10-16,T. Alvarez,Southwest,Needs drone photos for amenities upgrade.,,14332.0,37.0,True,
C0133,Meadowview Management,Commercial,5608 Hill Ct,Atlanta,GA,30636.0,John Whitaker,265-469-2262,james.hernandez@fieldosclients.com,Referral,Snow & Ice,5.09,"$27,613",Won,2025-10-22,2025-10-25,Terrence Blake,Southeast,Asked for irrigation tune-up and quote on seasonal color.,,27613.0,30.0,True,
C0134,Pinecrest Logistics,Residential,873 Lake Ct,Santa Fe,NM,87492.0,Charlotte Lawson,353-383-1579,charles.miller@evergreenland.com,Referral,Enhancement,0.78,"$1,510",Lead,2025-10-29,2025-11-04,Devon Parker,Southwest,Requested bundled maintenance and snow contract.,,1510.0,34.0,False,
C0135,Meadowview Landscapes,Residential,8570 Oak Ave,Harrisburg,PA,19170.0,Liam Douglas,676-489-6090,daniel.moore@evergreenland.com,Door Knock,Irrigation,0.25,"$4,257",Lost,2025-10-18,2025-10-24,Hannah Cohen,Northeast,Asked for irrigation tune-up and quote on seasonal color.,,4257.0,21.0,True,
C0136,Stoneridge Corporate,HOA,224 Hill Dr,Allentown,PA,19338.0,Laura Keaton,754-554-1157,karen.thomas@outdoorhq.com,Outbound Call,Enhancement,11.66,"$65,819",Won,2025-10-14,2025-10-19,J. O’Malley,Northeast,Interested in smart irrigation controllers and mulch refresh.,,65819.0,35.0,True,
C0137,Lakeshore Townhomes,HOA,6222 Lake Way,Pittsburgh,PA,19186.0,Olivia Clarke,794-297-9280,jessica.clark@greenscapepros.com,Door Knock,Irrigation,3.66,"$45,169",Won,2025-09-26,2025-10-05,Hannah Cohen,Northeast,Wants proposal before HOA board vote.,,45169.0,30.0,True,
C0138,Summit Campus,HOA,9699 Maple Ln,Kansas City,MO,63208.0,David Keaton,368-660-8635,charles.lee@fieldosclients.com,Door Knock,Irrigation,8.16,"$45,309",Lead,2025-10-17,2025-10-22,R. Collins,Midwest,Asked for flexible payment terms and winter prep plan.,,45309.0,38.0,True,
C0139,Prairie Pavilion,Commercial,5948 Hill St,Harrisburg,PA,19150.0,Daniel Abbott,893-506-5262,charles.davis@fieldosclients.com,Event,Irrigation,1.44,"$31,482",Lead,2025-09-14,2025-09-20,Priya Singh,Northeast,Asked for irrigation tune-up and quote on seasonal color.,,31482.0,35.0,True,
C0140,Willow Creek Pavilion,Commercial,1496 View St,Scottsdale,AZ,85365.0,Logan Donovan,276-222-2056,michael.rodriguez@evergreenland.com,Door Knock,Snow & Ice,2.44,"$36,252",Qualified,2025-09-19,2025-10-02,Devon Parker,Southwest,Concerned about noise restrictions—requested early-morning schedule.,,36252.0,42.0,True,
C0141,Heritage Collective,HOA,3637 Pine Ct,Louisville,KY,40386.0,Logan Clarke,656-352-1567,ashley.brown@outdoorhq.com,Referral,Snow & Ice,8.7,"$55,082",Proposal,2025-10-18,2025-10-26,Dana Nguyen,Midwest,Needs drone photos for amenities upgrade.,,55082.0,50.0,True,
C0142,Prairie Campus,Commercial,7979 Ridge Blvd,Mesa,AZ,85596.0,Alexander Santos,552-779-9231,sarah.harris@greenscapepros.com,Door Knock,Irrigation,3.74,"$11,279",Lost,2025-09-14,2025-09-22,Caroline West,Southwest,Concerned about noise restrictions—requested early-morning schedule.,,11279.0,23.0,True,
C0143,Bluegrass Campus,HOA,4486 Ridge Blvd,Lexington,KY,40910.0,James Abbott,954-257-4594,sarah.brown@fieldosclients.com,Referral,Hardscape,15.0,"$40,461",Lead,2025-09-17,2025-09-23,Sophie Grant,Midwest,Prefers Friday walk-throughs with property manager.,,40461.0,37.0,True,
C0144,Pinecrest Partners,Commercial,5183 Pine Ave,Savannah,GA,30138.0,Matthew Abbott,292-257-4811,matthew.nguyen@fieldosclients.com,Referral,Irrigation,7.2,"$22,336",Won,2025-09-28,2025-10-09,L. Chavez,Southeast,Asked for flexible payment terms and winter prep plan.,,22336.0,25.0,True,
C0145,Willow Creek Holdings,HOA,8742 Willow Dr,Houston,TX,75482.0,Daniel Sawyer,921-878-7481,joseph.rodriguez@greenscapepros.com,Referral,Irrigation,3.24,"$39,680",Proposal,2025-10-20,2025-10-24,Caroline West,Southwest,Needs drone photos for amenities upgrade.,,39680.0,47.0,True,
C0146,Prairie Holdings,HOA,4945 Pine Ln,Pittsburgh,PA,19846.0,David McKenzie,201-918-7415,sandra.young@fieldosclients.com,Event,Enhancement,10.82,"$83,376",Lead,2025-10-10,2025-10-24,J. O’Malley,Northeast,Concerned about noise restrictions—requested early-morning schedule.,,83376.0,47.0,True,
C0147,Pinecrest Landscapes,HOA,5620 Lake Dr,Jersey City,NJ,7371.0,Henry McKenzie,414-455-2110,michael.young@evergreenland.com,Door Knock,Enhancement,6.84,"$50,939",Lead,2025-10-24,2025-11-07,J. O’Malley,Northeast,Asked for irrigation tune-up and quote on seasonal color.,,50939.0,35.0,False,
C0148,Meadowview Holdings,Commercial,3815 Pine Ave,Springfield,MO,63175.0,Mia Lang,234-501-1328,william.clark@fieldosclients.com,Door Knock,Irrigation,5.13,"$41,423",Won,2025-09-23,2025-10-06,R. Collins,Midwest,Wants proposal before HOA board vote.,,41423.0,29.0,True,
C0149,Highland Townhomes,Commercial,997 Maple Ct,Harrisburg,PA,19310.0,Joseph Lang,394-619-9849,john.scott@outdoorhq.com,Door Knock,Maintenance,5.74,"$20,813",Proposal,2025-10-02,2025-10-07,Evan Brooks,Northeast,Needs drone photos for amenities upgrade.,,20813.0,43.0,True,
C0150,Lakeshore HOA,Residential,9953 Lake Ln,Atlanta,GA,30199.0,Logan Lang,226-411-3798,donna.young@greenscapepros.com,Referral,Maintenance,0.46,"$3,251",Lead,2025-09-17,2025-09-30,L. Chavez,Southeast,Waiting on budget approval from facilities director.,,3251.0,29.0,True,
C0151,Maplewood Square,Commercial,4435 Cedar Blvd,Covington,KY,40375.0,Henry Barden,777-263-3476,charles.garcia@fieldosclients.com,Web,Install,5.06,"$39,214",Lead,2025-10-01,2025-10-11,R. Collins,Midwest,Wants proposal before HOA board vote.,,39214.0,37.0,True,
C0152,Stonebridge Landscapes,Residential,9503 Cedar Ave,Cherry Hill,NJ,7406.0,Liam Barden,280-604-1568,michelle.anderson@evergreenland.com,Referral,Snow & Ice,0.85,"$3,214",Lost,2025-09-16,2025-09-26,Priya Singh,Northeast,Wants proposal before HOA board vote.,,3214.0,21.0,True,
C0153,Maplewood Collective,HOA,5358 Forest Blvd,Austin,TX,75168.0,Isabella Donovan,289-597-7510,joseph.rodriguez@evergreenland.com,Referral,Snow & Ice,5.02,"$83,907",Proposal,2025-09-21,2025-09-28,Caroline West,Southwest,Asked for flexible payment terms and winter prep plan.,,83907.0,57.0,True,
C0154,Stoneridge Logistics,Commercial,8075 View St,Plano,TX,75584.0,John Douglas,238-376-5512,elizabeth.martinez@evergreenland.com,Referral,Hardscape,10.54,"$32,535",Won,2025-10-13,2025-10-22,Devon Parker,Southwest,Asked for irrigation tune-up and quote on seasonal color.,,32535.0,27.0,True,
C0155,Highland Landscapes,Commercial,3854 Pine Ct,Scottsdale,AZ,85861.0,Grace Santos,653-528-5414,steven.moore@fieldosclients.com,Web,Hardscape,4.42,"$42,218",Won,2025-09-16,2025-09-20,T. Alvarez,Southwest,Requested bundled maintenance and snow contract.,,42218.0,29.0,True,
C0156,Fox Hollow Townhomes,HOA,594 Pine Ln,Plano,TX,75996.0,John Clarke,405-259-5087,emily.white@greenscapepros.com,Door Knock,Maintenance,6.39,"$63,213",Qualified,2025-09-26,2025-10-08,T. Alvarez,Southwest,Prefers Friday walk-throughs with property manager.,,63213.0,48.0,True,
C0157,Stonebridge Community Association,HOA,9153 Willow Ct,Jacksonville,FL,32267.0,Michael Sullivan,464-966-2480,paul.sanchez@evergreenland.com,Door Knock,Enhancement,7.16,"$68,931",Qualified,2025-09-29,2025-10-11,Anika Patel,Southeast,Asked for irrigation tune-up and quote on seasonal color.,,68931.0,49.0,True,
C0158,Stoneridge Management,HOA,7887 Pine Way,Knoxville,TN,37277.0,Evelyn Reeves,815-208-4666,thomas.wilson@outdoorhq.com,Door Knock,Hardscape,2.75,"$81,137",Lost,2025-09-16,2025-09-19,Terrence Blake,Southeast,Needs drone photos for amenities upgrade.,,81137.0,38.0,True,
C0159,Brookstone Property Group,Residential,9318 Sunset St,Tempe,AZ,85723.0,James Douglas,489-505-2771,susan.robinson@fieldosclients.com,Referral,Snow & Ice,0.65,"$1,530",Proposal,2025-09-17,2025-09-25,Caroline West,Southwest,Needs drone photos for amenities upgrade.,,1530.0,38.0,True,
C0160,Willow Creek Solutions,HOA,5356 Sunset Ln,Annapolis,MD,21838.0,Alexander Douglas,226-871-9148,karen.gonzalez@greenscapepros.com,Outbound Call,Maintenance,12.57,"$82,583",Won,2025-10-04,2025-10-17,Evan Brooks,Northeast,Interested in smart irrigation controllers and mulch refresh.,,82583.0,38.0,True,
C0161,Riverbend Collective,Residential,8431 Elm Blvd,Phoenix,AZ,85274.0,James Monroe,873-771-3967,joshua.gonzalez@fieldosclients.com,Door Knock,Enhancement,0.73,"$4,114",Won,2025-09-17,2025-09-25,Devon Parker,Southwest,Concerned about noise restrictions—requested early-morning schedule.,,4114.0,21.0,True,
C0162,Evergreen Logistics,Residential,4389 View Ct,Jersey City,NJ,7574.0,Sophia Marsh,320-681-1879,nancy.garcia@greenscapepros.com,Event,Irrigation,0.34,"$2,757",Qualified,2025-10-08,2025-10-16,J. O’Malley,Northeast,Waiting on budget approval from facilities director.,,2757.0,35.0,True,
C0163,Firestone Corporate,HOA,2466 Willow Blvd,Nashville,TN,37832.0,Robert Monroe,384-282-8988,anthony.king@evergreenland.com,Door Knock,Enhancement,4.22,"$43,126",Qualified,2025-09-23,2025-10-03,Morgan Price,Southeast,Prefers Friday walk-throughs with property manager.,,43126.0,44.0,True,
C0164,Firestone Pavilion,HOA,6400 Oak Dr,Cincinnati,OH,43646.0,David Marsh,404-948-7112,william.torres@evergreenland.com,Outbound Call,Enhancement,10.18,"$71,516",Qualified,2025-10-02,2025-10-12,Marcus Tillman,Midwest,Asked for flexible payment terms and winter prep plan.,,71516.0,50.0,True,
C0165,Oakridge Logistics,Commercial,4884 Lake Way,Atlanta,GA,30632.0,Ava Harrington,810-736-6535,jessica.anderson@greenscapepros.com,Referral,Maintenance,5.22,"$30,061",Lead,2025-10-27,2025-11-03,Morgan Price,Southeast,Prefers Friday walk-throughs with property manager.,,30061.0,37.0,False,
C0166,Willow Creek Partners,Commercial,732 Hill Way,Scottsdale,AZ,85361.0,Matthew Bennett,989-747-1796,betty.johnson@greenscapepros.com,Referral,Snow & Ice,9.07,"$43,071",Lead,2025-10-06,2025-10-20,T. Alvarez,Southwest,Wants proposal before HOA board vote.,,43071.0,38.0,True,
C0167,Brookstone Pavilion,Commercial,8644 Elm St,Columbus,OH,43720.0,Charlotte Donovan,917-340-7862,anthony.davis@greenscapepros.com,Event,Snow & Ice,8.65,"$10,609",Qualified,2025-09-17,2025-09-21,R. Collins,Midwest,Asked for flexible payment terms and winter prep plan.,,10609.0,36.0,True,
C0168,Summit Residences,Residential,2747 Oak St,Louisville,KY,40608.0,Chloe Harrington,412-904-8875,kimberly.gonzalez@greenscapepros.com,Door Knock,Irrigation,0.86,"$2,326",Qualified,2025-10-03,2025-10-10,R. Collins,Midwest,Asked for irrigation tune-up and quote on seasonal color.,,2326.0,35.0,True,
C0169,Cedar Grove Square,HOA,7726 Oak Dr,Cincinnati,OH,43932.0,Ava Clarke,378-240-5760,jennifer.allen@evergreenland.com,Door Knock,Irrigation,10.55,"$59,933",Lost,2025-10-11,2025-10-18,Marcus Tillman,Midwest,Interested in smart irrigation controllers and mulch refresh.,,59933.0,33.0,True,
C0170,Maplewood Landscapes,HOA,1985 Hill Ave,Columbus,OH,43567.0,Henry Carver,478-594-8835,david.hernandez@outdoorhq.com,Web,Hardscape,5.85,"$78,042",Lead,2025-10-08,2025-10-13,Dana Nguyen,Midwest,Wants proposal before HOA board vote.,,78042.0,45.0,True,
C0171,Evergreen Square,HOA,592 Sunset Blvd,Nashville,TN,37844.0,Henry Monroe,333-694-8997,william.miller@outdoorhq.com,Door Knock,Hardscape,10.98,"$41,879",Proposal,2025-10-07,2025-10-19,Anika Patel,Southeast,Waiting on budget approval from facilities director.,,41879.0,47.0,True,
C0172,Summit Square,Commercial,5784 Sunset Way,Dayton,OH,43756.0,Sophia Langley,594-352-1894,james.king@fieldosclients.com,Door Knock,Irrigation,6.75,"$16,241",Qualified,2025-10-14,2025-10-24,Dana Nguyen,Midwest,Asked for flexible payment terms and winter prep plan.,,16241.0,38.0,True,
C0173,Stoneridge Outdoor,Commercial,7641 Lake Blvd,Scottsdale,AZ,85686.0,Michael Mercer,658-290-9166,kimberly.lee@fieldosclients.com,Referral,Maintenance,6.58,"$34,814",Qualified,2025-10-14,2025-10-18,T. Alvarez,Southwest,Waiting on budget approval from facilities director.,,34814.0,42.0,True,
C0174,Highland Community Association,Commercial,3772 Lake Ct,Cincinnati,OH,43673.0,Evelyn Lang,985-834-8751,donna.scott@fieldosclients.com,Web,Irrigation,7.19,"$39,898",Lost,2025-10-06,2025-10-09,Marcus Tillman,Midwest,Waiting on budget approval from facilities director.,,39898.0,29.0,True,
C0175,Bluegrass Estates,HOA,6824 Maple Ct,Cleveland,OH,43725.0,Benjamin Holloway,400-392-2978,matthew.jackson@evergreenland.com,Outbound Call,Maintenance,13.71,"$62,271",Lead,2025-09-14,2025-09-28,Sophie Grant,Midwest,Requested bundled maintenance and snow contract.,,62271.0,42.0,True,
C0176,Stoneridge Residences,Commercial,915 Ridge Ave,Houston,TX,75958.0,Grace Mercer,799-694-9328,mark.williams@outdoorhq.com,Web,Irrigation,11.52,"$18,823",Lost,2025-10-29,2025-11-09,Miles Foster,Southwest,Flagged drainage issues near loading dock—needs grading quote.,,18823.0,30.0,False,
C0177,Riverbend Pavilion,Residential,6638 Willow Ct,Knoxville,TN,37563.0,Amelia Clarke,336-341-7762,kenneth.hill@fieldosclients.com,Referral,Snow & Ice,0.51,"$3,994",Lost,2025-10-14,2025-10-21,Terrence Blake,Southeast,Asked for flexible payment terms and winter prep plan.,,3994.0,21.0,True,
C0178,Willow Creek Collective,Commercial,7990 View St,Jersey City,NJ,7783.0,William Dalton,927-627-9747,carol.jackson@greenscapepros.com,Door Knock,Snow & Ice,6.54,"$31,127",Won,2025-10-07,2025-10-18,Hannah Cohen,Northeast,Asked for irrigation tune-up and quote on seasonal color.,,31127.0,27.0,True,
C0179,Highland Corporate,HOA,8986 Oak Ct,Cincinnati,OH,43933.0,Michael Dalton,663-304-4675,patricia.gonzalez@fieldosclients.com,Web,Irrigation,4.33,"$34,065",Proposal,2025-10-11,2025-10-17,Sophie Grant,Midwest,Requested bundled maintenance and snow contract.,,34065.0,46.0,True,
C0180,Willow Creek Corporate,Residential,6145 View St,Newark,NJ,7856.0,Matthew Reeves,817-401-4170,anthony.clark@fieldosclients.com,Door Knock,Maintenance,0.16,"$2,529",Lead,2025-10-01,2025-10-07,Priya Singh,Northeast,Wants proposal before HOA board vote.,,2529.0,29.0,True,
C0181,Maplewood Solutions,Residential,2656 Oak Ln,Atlanta,GA,30430.0,John Fulton,811-252-5934,sandra.moore@fieldosclients.com,Referral,Enhancement,0.29,"$4,965",Qualified,2025-10-08,2025-10-18,Terrence Blake,Southeast,Wants proposal before HOA board vote.,,4965.0,35.0,True,
C0182,Highland Residences,Residential,5557 Willow Ct,Jersey City,NJ,7400.0,Liam Carver,423-970-9691,emily.jones@greenscapepros.com,Referral,Snow & Ice,0.61,"$3,152",Lead,2025-10-15,2025-10-21,J. O’Malley,Northeast,Wants proposal before HOA board vote.,,3152.0,29.0,True,
C0183,Silverleaf Partners,Residential,8971 Forest Ct,Rockville,MD,21125.0,Daniel Dalton,729-988-7143,carol.thomas@evergreenland.com,Referral,Irrigation,0.47,"$4,761",Lost,2025-10-05,2025-10-12,Hannah Cohen,Northeast,Waiting on budget approval from facilities director.,,4761.0,21.0,True,
C0184,Prairie Community Association,HOA,1822 Cedar St,Lexington,KY,40948.0,Ethan Carver,919-959-8130,jennifer.miller@evergreenland.com,Referral,Maintenance,5.13,"$71,255",Won,2025-09-16,2025-09-25,R. Collins,Midwest,Concerned about noise restrictions—requested early-morning schedule.,,71255.0,36.0,True,
C0185,Bluegrass Logistics,HOA,6746 Hill Ct,Columbia,MO,63117.0,Joseph Keaton,598-889-2938,john.brown@evergreenland.com,Referral,Hardscape,12.77,"$89,702",Qualified,2025-10-05,2025-10-15,R. Collins,Midwest,Flagged drainage issues near loading dock—needs grading quote.,,89702.0,54.0,True,
C0186,Maplewood Corporate,Residential,7885 Pine St,Dayton,OH,43325.0,Chloe Kerr,339-964-7406,michael.jackson@fieldosclients.com,Web,Maintenance,0.39,"$3,292",Qualified,2025-09-17,2025-09-20,Marcus Tillman,Midwest,Concerned about noise restrictions—requested early-morning schedule.,,3292.0,35.0,True,
C0187,Stonebridge Outdoor,Residential,1514 Elm Ln,Princeton,NJ,7866.0,Liam Langley,959-943-6633,james.scott@greenscapepros.com,Door Knock,Maintenance,0.19,"$3,845",Proposal,2025-09-25,2025-10-06,Priya Singh,Northeast,Concerned about noise restrictions—requested early-morning schedule.,,3845.0,39.0,True,
C0188,Heritage Outdoor,Residential,1728 Cedar Way,Marietta,GA,30694.0,Mia Donovan,698-538-6851,barbara.torres@evergreenland.com,Door Knock,Snow & Ice,0.7,"$1,799",Qualified,2025-10-25,2025-11-01,Morgan Price,Southeast,Wants proposal before HOA board vote.,,1799.0,36.0,False,
C0189,Silverleaf Campus,Residential,9407 Willow Blvd,Newark,NJ,7423.0,James Marsh,638-372-1079,daniel.young@outdoorhq.com,Door Knock,Irrigation,0.67,"$2,752",Proposal,2025-10-20,2025-11-01,Priya Singh,Northeast,Interested in smart irrigation controllers and mulch refresh.,,2752.0,31.0,False,
C0190,Summit HOA,HOA,4717 Pine St,Rockville,MD,21301.0,Daniel Harrington,469-951-2252,nancy.walker@fieldosclients.com,Web,Irrigation,8.59,"$37,132",Lead,2025-09-21,2025-09-25,J. O’Malley,Northeast,Asked for flexible payment terms and winter prep plan.,,37132.0,36.0,True,
C0191,Meadowview HOA,Residential,4887 Pine Ave,Kansas City,MO,63613.0,Grace Fulton,722-292-7500,donna.taylor@outdoorhq.com,Door Knock,Enhancement,0.46,"$2,414",Won,2025-09-22,2025-10-06,R. Collins,Midwest,Requested bundled maintenance and snow contract.,,2414.0,21.0,True,
C0192,Riverbend Square,Residential,1149 Elm Ct,Knoxville,TN,37339.0,Matthew Mercer,243-884-4387,barbara.torres@greenscapepros.com,Referral,Snow & Ice,0.95,"$1,665",Lead,2025-09-28,2025-10-04,Terrence Blake,Southeast,Interested in smart irrigation controllers and mulch refresh.,,1665.0,28.0,True,
C0193,Fox Hollow Enterprises,Commercial,9748 Sunset Blvd,Phoenix,AZ,85179.0,Emily Monroe,729-457-7165,daniel.miller@fieldosclients.com,Outbound Call,Irrigation,6.99,"$21,393",Qualified,2025-10-05,2025-10-13,Miles Foster,Southwest,Asked for flexible payment terms and winter prep plan.,,21393.0,39.0,True,
C0194,Meadowview Enterprises,Residential,3585 Pine Ln,Tempe,AZ,85261.0,Olivia Bennett,570-816-2938,steven.hill@evergreenland.com,Web,Enhancement,0.52,"$2,442",Lead,2025-09-18,2025-09-25,Devon Parker,Southwest,Prefers Friday walk-throughs with property manager.,,2442.0,29.0,True,
C0195,Brookstone Enterprises,Commercial,9496 Pine Dr,Springfield,MO,63270.0,John Finch,464-384-9464,michelle.hernandez@greenscapepros.com,Outbound Call,Maintenance,2.41,"$20,559",Lead,2025-09-27,2025-09-30,R. Collins,Midwest,Needs drone photos for amenities upgrade.,,20559.0,33.0,True,
C0196,Cedar Grove Management,Commercial,2867 Forest Way,Bloomington,IN,46450.0,Benjamin Lawson,664-810-2127,steven.walker@outdoorhq.com,Door Knock,Irrigation,2.57,"$21,919",Proposal,2025-09-27,2025-10-04,Sophie Grant,Midwest,Concerned about noise restrictions—requested early-morning schedule.,,21919.0,43.0,True,
C0197,Firestone Square,Commercial,2045 Maple Ave,Cleveland,OH,43775.0,Chloe Fulton,333-817-9835,paul.clark@evergreenland.com,Event,Snow & Ice,6.23,"$12,558",Won,2025-09-25,2025-10-06,Sophie Grant,Midwest,Asked for flexible payment terms and winter prep plan.,,12558.0,23.0,True,
C0198,Lakeshore Partners,HOA,1720 Hill Ln,Phoenix,AZ,85360.0,Evelyn Fulton,688-984-4809,sandra.anderson@fieldosclients.com,Outbound Call,Hardscape,12.56,"$89,497",Won,2025-09-15,2025-09-27,T. Alvarez,Southwest,Needs drone photos for amenities upgrade.,,89497.0,40.0,True,
C0199,Summit Holdings,Commercial,7100 Sunset St,Scottsdale,AZ,85359.0,Anthony Fulton,467-748-7939,james.torres@evergreenland.com,Referral,Install,8.2,"$30,702",Qualified,2025-10-23,2025-10-28,Caroline West,Southwest,Interested in smart irrigation controllers and mulch refresh.,,30702.0,47.0,True,
C0200,Lakeshore Management,Residential,2382 Sunset Dr,Sarasota,FL,32865.0,William Griffin,435-657-3650,donna.scott@outdoorhq.com,Door Knock,Irrigation,0.99,"$3,866",Qualified,2025-09-14,2025-09-23,Anika Patel,Southeast,Prefers Friday walk-throughs with property manager.,,3866.0,35.0,True,
DEMO-ACME-HOA,Acme HOA,HOA,3150 Detroit Ave,Cleveland,OH,,Samir Voss,(216) 555-0142,samir.voss@acmehoa.demo,Demo,Seasonal Cleanup + Mulch,,"$3,170",Synced,2025-11-05,,Marcus Tillman,Midwest,- Completed seasonal cleanup. - Client asked for mulch promo pricing. - Follow up Tuesday with package options.,,3170.00,,False,- Completed seasonal cleanup. - Client asked for mulch promo pricing. - Follow up Tuesday with package options.
2025-11-04T12:00:00,,,,,,,,,,Demo,,,,Synced,2025-11-05,,,,retry,,,,False,retry
2025-11-04T13:00:00,,,,,,,,,,Demo,,,,Synced,2025-11-05,,,,needs retry,,,,False,needs retry
2025-11-04T10:00:00,Acme,,,,,,,,,Demo,,,,Synced,2025-11-05,,,,test,,,,False,test
2025-11-04T16:00:00,Offline Account,,,,,,,,,Demo,,,,Synced,2025-11-05,,,,Cached note,,,,False,Cached note
47d6adde363945749dc02e579e5f1196,,,,,,,,,,Demo,,,,Synced,2025-11-05,,,,new,,,,False,new
7eb6035b7e564d6cb22887dbe6676e2d,,,,,,,,,,Demo,,,,Synced,2025-11-05,,,,next,,,,False,next
2025-11-04T15:00:00,QA Account,,,,,,,,,Demo,,,"$2,400",Synced,2025-11-05,,,,Polished note body,,2400.00,,False,Polished note body
2f467d5317814c52a1511b22db7b7b3b,,,,,,,,,,Demo,,,,Synced,2025-11-05,,,,new,,,,False,new
92688bd24352477a94899a75a0c32112,,,,,,,,,,Demo,,,,Synced,2025-11-05,,,,next,,,,False,next
efa17e329b2a4eca95ec9cec14c396af,,,,,,,,,,Demo,,,,Synced,2025-11-05,,,,new,,,,False,new
a9df1994fa9a4ee99f38a72fd379c19f,,,,,,,,,,Demo,,,,Synced,2025-11-05,,,,next,,,,False,next
61c8b46d8dea47e39b50b844c172627e,,,,,,,,,,Demo,,,,Synced,2025-11-05,,,,new,,,,False,new
31e04594cc504824a01c836d0133d601,,,,,,,,,,Demo,,,,Synced,2025-11-05,,,,next,,,,False,next
3ff292e1495646228d82805fd427f333,,,,,,,,,,Demo,,,,Synced,2025-11-05,,,,new,,,,False,new
3d59f8ef3bc148cb88b0f7522ae11d48,,,,,,,,,,Demo,,,,Synced,2025-11-05,,,,next,,,,False,next
9fca394de3b4429db9bede31339f520c,,,,,,,,,,Demo,,,,Synced,2025-11-05,,,,new,,,,False,new
1c1ae580ec91486898e9fa95c73bb5b7,,,,,,,,,,Demo,,,,Synced,2025-11-05,,,,next,,,,False,next
